{
  "name": "ServoESP32",
  "keywords": "servo, esp32",
  "description": "Generate RC servo signal on a selected pin.",
  "homepage": "https://www.arduino.cc/en/Reference/Servo",
  "license": "MIT",
  "repository":
  {
    "type": "git",
    "url": "https://github.com/RoboticsBrno/ESP32-Arduino-Servo-Library.git"
  },
  "authors":
  {
      "name": "Jaroslav Paral",
      "email": "paral@robotikabrno.cz",
      "url": "http://www.robotikabrno.cz",
      "maintainer": true
  },
  "version": "1.0.1",
  "frameworks": "arduino",
  "platforms": "espressif32"
}
